key	value
title	潮声还在
scene	案卷缺页。灯还亮着。
text	"军功写进册里。

清望写在别人嘴里。

线索藏在袖中。

案卷少了一页。

潮声没有少。

你赢了几场。
升了几分。
也只多知道一点：

倭寇从海上来。
箭从岸上来。"
restart_label	重开
variants	"{""old_case_choice"":{""condition"":""clues >= 4"",""title"":""旧案抉择"",""text"":""真相已经够重。\n重到不能只放在袖里。""},""military_merit"":{""condition"":""jun_gong >= 4 && clues < 4"",""title"":""军功入册"",""text"":""首级很多。\n案卷很薄。""},""clean_reputation"":{""condition"":""qing_wang >= 4 && clues < 4"",""title"":""清望在外"",""text"":""有人记得你救过人。\n没人知道你差点查到什么。""},""silent_tide"":{""condition"":""default"",""title"":""沉默结局"",""text"":""潮声把名字带走。\n也把问题带回来。""}}"
