order	id	title	scene	text	dialogue_json	combat_json	choices_json
1	military_order	军令巡海	军门外。天未亮。旗湿着。	"军令压在案上。

墨还没干。

巡海三十里。
见寇即剿。

若见旧案，不得声张。

师父没有抬头。"	"[""巡海三十里。"",""若见旧案，不得声张。"",""你听错了。""]"	"{""enabled"":false}"	"[{""label"":""领令"",""result"":""你低头。\n印落下。\n潮也落下。"",""effects"":{""military_merit"":1}},{""label"":""问旧案"",""result"":""上官看了你一眼。\n像看见故人。\n\n他说：你听错了。"",""effects"":{""case_clues"":1}},{""label"":""沉默"",""result"":""你没有答。\n师父看了你一眼。\n那一眼很短。"",""effects"":{}}]"
2	beach_ambush	海边伏击	沙滩。脚印。整齐得不像海盗。	"沙滩上有脚印。

脚印很整齐。

不像海盗。
像营里走出来的。

风从芦苇里出来。
枪尖也出来。

他挡住去路。
你看见他靴上的官泥。"	"[""退。"",""这是军路。"",""没有喊杀，只有枪尖。""]"	"{""enabled"":false}"	"[{""label"":""迎战"",""result"":""枪尖折进沙里。\n潮声又回来了。"",""effects"":{},""combat"":{""enabled"":true,""encounter_id"":""enc_beach_ambush"",""battle_id"":""first_act_beach_ambush"",""override_player_profile"":true}}]"
3	beach_ambush_aftermath	海边伏击：战后处理	沙滩。尸体。脚印还在。	"人倒下了。

沙滩上只剩脚印。

脚印还在。

你要决定留下什么。"	"[""头颅可以报功。"",""尸体也可以说话。"",""沙子埋不住脚印。""]"	"{""enabled"":false}"	"[{""label"":""割首报功"",""result"":""头颅装进麻袋时，海风停了一下。\n军功有了。\n脚印还在。"",""effects"":{""military_merit"":1}},{""label"":""搜身留证"",""result"":""尸体里没有海盐味。\n只有营里的烟味。"",""effects"":{""case_clues"":1}},{""label"":""就地掩埋"",""result"":""你把沙子盖上。\n很快又被潮水掀开。"",""effects"":{""clean_reputation"":1}}]"
4	fishing_village_embers	渔村残火	残村。黑烟。孩子咳嗽。	"村子只剩烟。

烟里有小孩咳嗽。

船还没靠岸。
火先烧到了村心。

火不是从海边烧起的。

烟里有人影。
刀光很低。"	"[""船还没到，先烧干净。"",""哭声被烟压住。""]"	"{""enabled"":false}"	"[{""label"":""迎战"",""result"":""烟散了一些。\n哭声还在。"",""effects"":{},""combat"":{""enabled"":true,""encounter_id"":""enc_fishing_village_embers"",""battle_id"":""first_act_fishing_village_embers"",""override_player_profile"":true}}]"
5	fishing_village_embers_aftermath	渔村残火：战后处理	残村。黑烟渐低。村后还有火痕。	"刀光低下去了。

哭声没有。

火痕还在村后。

你要决定先看哪里。"	"[""追人。"",""救人。"",""看火。""]"	"{""enabled"":false}"	"[{""label"":""追击残敌"",""result"":""你追得很快。\n身后的哭声也很快低下去。"",""effects"":{""military_merit"":1}},{""label"":""救出百姓"",""result"":""孩子抓着你的甲片。\n不肯松手。\n他指向村后。"",""effects"":{""clean_reputation"":1}},{""label"":""查烧痕"",""result"":""火不是从海边烧起的。\n有人先点了屋后。"",""effects"":{""case_clues"":1}}]"
6	merchant_banquet	海商宴	雨夜。海商宅。鱼无腥味。屏风后有箱。	"酒是热的。

屋外的兵是冷的。

屏风后有火器箱。
箱钥匙在酒盏旁。"	"[""海上无忠奸，只有风向。"",""将军要证据，还是要船？""]"	"{""enabled"":false}"	"[{""label"":""拒宴"",""result"":""我不吃来路不明的饭。\n\n海商笑了：那将军只好吃风。"",""effects"":{""clean_reputation"":1}},{""label"":""赴宴取船"",""result"":""你喝了一杯。\n杯底没有毒，只有价钱。"",""effects"":{""military_merit"":1,""next_normal_battle_easier"":1}},{""label"":""借宴查箱"",""result"":""火器箱上有官印。\n印泥很新。"",""effects"":{""case_clues"":2,""elite_chance"":1}}]"
7	ming_firearm	明制火器	倭寇船舱。木箱半开。官造二字还在。	"箱子裂开。

里面不是银。
是火器。

火器保养得很好。
甚至比卫所库里的还好。

官造二字还在。

封泥也是新的。"	"[""不需要人。"",""只需要那枚印。""]"	"{""enabled"":false}"	"[{""label"":""上交军门"",""result"":""军门收得很快。\n快得像早在等它。"",""effects"":{""military_merit"":1}},{""label"":""私下留证"",""result"":""火铳很沉。\n沉得不像证据，像人命。"",""effects"":{""case_clues"":2}},{""label"":""毁掉"",""result"":""火光吞掉官造二字。\n你却记得它。"",""effects"":{""clean_reputation"":1,""case_clues"":1}}]"
8	altered_military_report	涂改军报	破庙。倒神像。军报压在香炉下。	"神像倒着。

军报压在香炉下。

死者人数被涂过。
涂得很急。

墨比血新。

少的不是字。
是人。"	"[""少的不是字。"",""少的是人。""]"	"{""enabled"":false}"	"[{""label"":""收起军报"",""result"":""纸角发脆。\n上面的名字没有全死。"",""effects"":{""case_clues"":2}},{""label"":""抄下涂改处"",""result"":""你只抄黑处。\n黑处反而最清楚。"",""effects"":{""case_clues"":1,""clean_reputation"":1}},{""label"":""烧掉军报"",""result"":""火把改过的字烧平。\n你的手却记住了笔路。"",""effects"":{""military_merit"":1}}]"
9	transport_officer	失械案押运官	山道。空车。车辙很深。	"一辆空车停在山道。

车辙很深。
车上什么都没有。

空车比满车更难解释。

他没有拔刀。
他说：你不该翻箱。

他袖口露出半页名册。"	"[""我只押车。"",""车里是什么，不归我问。"",""死人。""]"	"{""enabled"":false}"	"[{""label"":""迎战"",""result"":""押运官退了一步。\n半页名册落在泥里。"",""effects"":{},""combat"":{""enabled"":true,""encounter_id"":""enc_transport_officer"",""battle_id"":""first_act_transport_officer"",""override_player_profile"":true}}]"
10	transport_officer_aftermath	失械案押运官：战后处理	山道。空车。半页名册。	"空车停着。

名册湿了半边。

押运官还活着。

你要决定交给谁。"	"[""军门要人。"",""案子要纸。"",""活口也会说话。""]"	"{""enabled"":false}"	"[{""label"":""交军门"",""result"":""名册被封进木匣。\n木匣很快不见了。"",""effects"":{""military_merit"":2}},{""label"":""私藏名册"",""result"":""纸很薄。\n压在甲里，却像一块铁。"",""effects"":{""case_clues"":2}},{""label"":""放押运官走"",""result"":""你会后悔。\n\n你说：你先活到那天。"",""effects"":{""clean_reputation"":1,""case_clues"":1}}]"
11	mutiny_camp	欠饷营	营门。军旗。旗下面没有军粮。	"营门挂着军旗。

旗下面没有军粮。

饷银没到。
军令倒是到了。

他举枪。
不是为了海寇。"	"[""你这是反。"",""我也守过城。"",""我也埋过兄弟。""]"	"{""enabled"":false}"	"[{""label"":""迎战"",""result"":""枪声停了。\n旗还挂着。"",""effects"":{},""combat"":{""enabled"":true,""encounter_id"":""enc_mutiny_camp"",""battle_id"":""first_act_mutiny_camp"",""override_player_profile"":true}}]"
12	mutiny_camp_aftermath	欠饷营：战后处理	营门。军旗。饷银未到。	"营门还在。

军粮还没有。

跪下的人看着你。

你要决定怎么写这场事。"	"[""这是反。"",""这是饥。"",""这是账。""]"	"{""enabled"":false}"	"[{""label"":""镇压"",""result"":""军旗重新挂正。\n下面少了几个人。"",""effects"":{""military_merit"":2,""clean_reputation"":-1}},{""label"":""收编"",""result"":""他们跪得很慢。\n不是不服，是饿。"",""effects"":{""clean_reputation"":1,""military_merit"":1}},{""label"":""查饷银"",""result"":""账本泡烂了。\n名字还在。"",""effects"":{""case_clues"":1,""clean_reputation"":1}}]"
13	military_messenger	军门信使	雨中信使。马比人先喘。信封没有封泥。	"信使在雨里等你。

马比人先喘。

信封没有封泥。
说明它已经被看过。"	"[""海寇首级要紧。"",""其余东西，不必带回来。"",""小的不识字。""]"	"{""enabled"":false}"	"[{""label"":""照令"",""result"":""知道了。\n你把信折回去。"",""effects"":{""military_merit"":1}},{""label"":""追问"",""result"":""其余东西，指什么？\n\n信使低头：小的不识字。"",""effects"":{""case_clues"":1}},{""label"":""扣下信使"",""result"":""信使跪下时，怀里掉出第二封信。"",""effects"":{""case_clues"":2,""clean_reputation"":-1}}]"
14	night_knife_camp	夜半磨刀	营地深夜。雨停了。刀声没停。	"师父在磨一把早该断掉的刀。

刀钝了。
人就会多想。

你把火器刻印放在火边。

师父的手停了一下。

他看了很久。"	"[""刀钝了，人就会多想。"",""令迟了。"",""那枚刻印，我见过。"",""走得越远，越像回去。""]"	"{""enabled"":false}"	"[{""label"":""陪他坐着"",""result"":""你们坐到天亮。\n刻印在火边冷下去。\n谁也没问。"",""effects"":{""heal"":1,""clean_reputation"":1}},{""label"":""问火器刻印"",""result"":""那枚火器刻印，你见过？\n\n师父说：见过。\n\n再问，人就会死。"",""effects"":{""case_clues"":2}},{""label"":""劝他休息"",""result"":""明日还要走。\n\n他用袖口盖住刻印。\n\n他说：走得越远，越像回去。"",""effects"":{""heal"":2}}]"
15	wakou_boss	小股倭寇首领	破船。火器箱。倭首坐在箱上。	"船搁浅了。

人没有。
箱子还在。

有个倭首坐在箱上。
像在等你。

他说：你找错海了。

火器箱在他脚下。

他说话时看着岸上。"	"[""你找错海了。"",""杀你爹娘的人，穿的可不是倭甲。"",""你来晚了，也来早了。""]"	"{""enabled"":true,""encounter_id"":""enc_wakou_boss"",""battle_id"":""first_act_wakou_boss"",""button"":""决战"",""override_player_profile"":true}"	"[{""label"":""斩首报功"",""result"":""首级落进麻袋。\n火器箱还在船底。\n你没有再看。"",""effects"":{""military_merit"":2}},{""label"":""留证追查"",""result"":""箱底有火漆。\n军门的火漆。\n师父看见时，手停了一下。"",""effects"":{""case_clues"":2}},{""label"":""烧船灭迹"",""result"":""火很快。\n证据也是。\n海风把灰吹回岸上。"",""effects"":{""military_merit"":1,""case_clues"":-1}}]"
16	military_coverup	军门压案	灯火。缺页。朱批。木匣不见了。	"军门灯火通明。

案卷摊开。
正好少了一页。

上官说：倭患已平。

你想起十年前。
那支箭。
也是从岸上来的。

师父站在门外。
没有进来。"	"[""倭患已平。"",""首级够了。"",""其余东西，不必再提。""]"	"{""enabled"":false}"	"[{""label"":""据实上报"",""result"":""你把话说完。\n屋里安静了很久。"",""effects"":{""clean_reputation"":1,""ending_flag"":""truth_report""}},{""label"":""藏下一份证据"",""result"":""袖中有纸。\n心里有潮。"",""effects"":{""case_clues"":2,""ending_flag"":""private_investigation""}},{""label"":""借军功压案"",""result"":""你把首级摆出来。\n没人再问箱子。"",""effects"":{""military_merit"":2,""ending_flag"":""merit_cover""}},{""label"":""沉默退下"",""result"":""门关上。\n灯还亮着。\n师父还站在外面。"",""effects"":{""ending_flag"":""silence""}}]"
101	ch2_sea_route_unusual	海路异动	海面很平。船却逆风。旗不动。	"海面很平。

船却逆风走。

旗没有动。"	[]	"{""enabled"":false}"	"[{""label"":""继续巡海"",""preview"":""军功推进。"",""effects"":{""military_merit"":1},""combat"":null,""result"":""你没有停。\n船影越来越近。""},{""label"":""绕行观察"",""preview"":""旧案线索增加。"",""effects"":{""case_clues"":1},""combat"":null,""result"":""你压低航线。\n船影没有调整。""},{""label"":""靠岸问民"",""preview"":""清望增加。"",""effects"":{""clean_reputation"":1},""combat"":null,""result"":""渔民不敢说话。\n他们只看海。""}]"
102	ch2_beach_tracks	滩涂脚印	潮线外有脚印。整齐。回程消失。	"脚印在潮线外。

排得很齐。

没有回头。"	[]	"{""enabled"":false}"	"[{""label"":""跟踪脚印"",""preview"":""旧案线索增加。"",""effects"":{""case_clues"":1},""combat"":null,""result"":""脚印走向芦苇。\n没有拖痕。""},{""label"":""记录上报"",""preview"":""军功推进。"",""effects"":{""military_merit"":1},""combat"":null,""result"":""你记下位置。\n墨还没干。""},{""label"":""抹去痕迹"",""preview"":""清望增加。"",""effects"":{""clean_reputation"":1},""combat"":null,""result"":""你踢散脚印。\n潮水又补上。""}]"
103	ch2_reed_ambush_battle	芦苇伏击	芦苇静。枪尖先亮。人随后出。	"芦苇没有风。

枪尖先亮。

人才出来。"	[]	"{""enabled"":true,""encounter_id"":""enc_ch2_reed_ambush"",""battle_id"":""chapter2_reed_ambush"",""button"":""迎战"",""override_player_profile"":true}"	"[{""label"":""迎战"",""preview"":""胜利后继续追查芦苇伏击。"",""effects"":{},""combat"":{""enabled"":true,""encounter_id"":""enc_ch2_reed_ambush"",""battle_id"":""chapter2_reed_ambush"",""override_player_profile"":true},""result"":""枪尖折进沙里。\n潮声又回来了。""}]"
104	ch2_reed_ambush_aftermath	芦苇伏击：战后	尸体整齐。衣甲干净。靴底无盐。	"人倒得很整齐。

衣甲很干净。

靴底没有盐。"	[]	"{""enabled"":false}"	"[{""label"":""斩首报功"",""preview"":""军功入册。"",""effects"":{""military_merit"":1},""combat"":null,""result"":""首级装袋。\n你没有翻靴底。""},{""label"":""搜身细查"",""preview"":""旧案线索增加。"",""effects"":{""case_clues"":2},""combat"":null,""result"":""靴缝有泥。\n不是海泥。""},{""label"":""就地掩埋"",""preview"":""清望增加。"",""effects"":{""clean_reputation"":1},""combat"":null,""result"":""沙盖住脸。\n潮又露出一点。""}]"
105	ch2_silent_village	无声渔村	村子有人。没有烟。门半开。	"村子有人。

没有烟。

门半开着。"	[]	"{""enabled"":false}"	"[{""label"":""逐户查看"",""preview"":""清望增加。"",""effects"":{""clean_reputation"":1},""combat"":null,""result"":""锅是热的。\n人不在。""},{""label"":""搜查物资"",""preview"":""军功推进。"",""effects"":{""military_merit"":1},""combat"":null,""result"":""粮被动过。\n刀不见了。""},{""label"":""记录异常"",""preview"":""旧案线索增加。"",""effects"":{""case_clues"":1},""combat"":null,""result"":""你写下异常。\n纸边有潮印。""}]"
106	ch2_night_signal_fire	夜火信号	夜里海上有火。三灭一亮。	"夜里有火。

三灭一亮。

不在岸上。"	[]	"{""enabled"":false}"	"[{""label"":""靠近查看"",""preview"":""旧案线索增加。"",""effects"":{""case_clues"":2},""combat"":null,""result"":""火在船上。\n船不随潮。""},{""label"":""远距记录"",""preview"":""军功推进。"",""effects"":{""military_merit"":1},""combat"":null,""result"":""你记下节律。\n很规整。""},{""label"":""忽略继续"",""preview"":""风险降低。"",""effects"":{},""combat"":null,""result"":""你转开目光。\n火还在。""}]"
201	ch3_firearm_marking	明制火器刻印	铁件擦净。刻印清晰。火门磨得很亮。	"铁件擦得很净。

刻印很清。

火门磨得很亮。"	[]	"{""enabled"":false}"	"[{""label"":""上交登记"",""preview"":""军功推进。"",""effects"":{""military_merit"":1},""combat"":null,""result"":""你封好编号。\n手很稳。""},{""label"":""私下比对"",""preview"":""旧案线索增加。"",""effects"":{""case_clues"":1},""combat"":null,""result"":""刻印对得上。\n你没有说。""},{""label"":""问师父"",""preview"":""旧案线索增加。"",""effects"":{""case_clues"":1},""combat"":null,""result"":""师父没有看你。\n他只看火门。""}]"
202	ch3_sealed_crate	封漆木箱	木箱半开。火漆未裂。封印很新。	"箱子半开。

火漆还新。

封印没有裂。"	[]	"{""enabled"":false}"	"[{""label"":""原封上交"",""preview"":""军功入册。"",""effects"":{""military_merit"":1},""combat"":null,""result"":""箱子被收走。\n收得很快。""},{""label"":""暗中拓印"",""preview"":""旧案线索增加。"",""effects"":{""case_clues"":2},""combat"":null,""result"":""你拓下一角。\n纸很薄。""},{""label"":""当场拆封"",""preview"":""清望增加。"",""effects"":{""clean_reputation"":1},""combat"":null,""result"":""封漆断开。\n没人出声。""}]"
203	ch3_escort_silence	押运无声	押运队整齐。脚步同拍。无人说话。	"队形很齐。

步子同拍。

没人说话。"	[]	"{""enabled"":false}"	"[{""label"":""跟队观察"",""preview"":""旧案线索增加。"",""effects"":{""case_clues"":1},""combat"":null,""result"":""脚步没有乱。\n像练过。""},{""label"":""截停查验"",""preview"":""军功推进。"",""effects"":{""military_merit"":1},""combat"":null,""result"":""他们停下。\n目光没有动。""},{""label"":""放行跟踪"",""preview"":""旧案线索增加。"",""effects"":{""case_clues"":1},""combat"":null,""result"":""你压低距离。\n队形没变。""}]"
204	ch3_escort_clash_battle	押运冲突	火门先响。人后动。阵型未散。	"火门先响。

人后动。

阵型没有散。"	[]	"{""enabled"":true,""encounter_id"":""enc_ch3_escort_clash"",""battle_id"":""chapter3_escort_clash"",""button"":""迎战"",""override_player_profile"":true}"	"[{""label"":""迎战"",""preview"":""胜利后继续查验押运队。"",""effects"":{},""combat"":{""enabled"":true,""encounter_id"":""enc_ch3_escort_clash"",""battle_id"":""chapter3_escort_clash"",""override_player_profile"":true},""result"":""火门沉下去。\n队形终于散了。""}]"
205	ch3_escort_aftermath	押运之后	倒下的人整齐。火器收好。像交接。	"人倒得很齐。

火器收得很快。

像在交接。"	[]	"{""enabled"":false}"	"[{""label"":""收缴报功"",""preview"":""军功入册。"",""effects"":{""military_merit"":1},""combat"":null,""result"":""你清点火器。\n数目对得上。""},{""label"":""逐件查验"",""preview"":""旧案线索增加。"",""effects"":{""case_clues"":2},""combat"":null,""result"":""编号连续。\n像同一批。""},{""label"":""就地封存"",""preview"":""清望增加。"",""effects"":{""clean_reputation"":1},""combat"":null,""result"":""你封好箱口。\n没人反对。""}]"
206	ch3_burned_storehouse	焦黑仓屋	仓屋烧过。墙还温。铁件未毁。	"墙是黑的。

还在温。

铁没有化。"	[]	"{""enabled"":false}"	"[{""label"":""清点残物"",""preview"":""军功推进。"",""effects"":{""military_merit"":1},""combat"":null,""result"":""你记下残件。\n数目不乱。""},{""label"":""搜寻痕迹"",""preview"":""旧案线索增加。"",""effects"":{""case_clues"":1},""combat"":null,""result"":""火是从内起的。\n不是外烧。""},{""label"":""安抚百姓"",""preview"":""清望增加。"",""effects"":{""clean_reputation"":1},""combat"":null,""result"":""人慢慢出来。\n没人敢说。""}]"
207	ch3_official_notice	军门告示	告示新贴。字很整。落款很快。	"告示很新。

字很整。

落款很快。"	[]	"{""enabled"":false}"	"[{""label"":""按令执行"",""preview"":""军功推进。"",""effects"":{""military_merit"":1},""combat"":null,""result"":""你收起告示。\n没有停。""},{""label"":""对照实情"",""preview"":""旧案线索增加。"",""effects"":{""case_clues"":1},""combat"":null,""result"":""字对不上事。\n你没有改。""},{""label"":""当众宣读"",""preview"":""清望增加。"",""effects"":{""clean_reputation"":1},""combat"":null,""result"":""人听完散开。\n没人提问。""}]"
301	ch4_tide_reveals_marks	潮下旧痕	潮退以后，礁石露出旧痕。	"潮退下去。

礁石露出来。

旧痕没有被海水磨平。"	[]	"{""enabled"":false}"	"[{""label"":""记下旧痕"",""preview"":""旧案线索增加。"",""effects"":{""case_clues"":1},""combat"":null,""result"":""你记下痕迹。\n潮水还会回来。""}]"
302	ch4_old_anchor_chain	旧锚铁链	铁链半埋在泥里，锈色很深。	"铁链在泥里。

锈很深。

断口却很新。"	[]	"{""enabled"":false}"	"[{""label"":""查验断口"",""preview"":""旧案线索增加。"",""effects"":{""case_clues"":1},""combat"":null,""result"":""断口很新。\n不像海水咬断。""}]"
303	ch4_master_hesitation	师父迟疑	师父看见断链，手停了一下。	"师父没有说话。

他的手停了一下。

潮声盖过去。"	[]	"{""enabled"":false}"	"[{""label"":""看向师父"",""preview"":""旧案线索增加。"",""effects"":{""case_clues"":1},""combat"":null,""result"":""师父避开你的眼。\n他知道这条链。""}]"
304	ch4_tide_bandits_battle	潮滩截杀	潮滩上有人截路，刀在水里发亮。	"潮水退得很慢。

人来得很快。

枪锋先到。"	[]	"{""enabled"":true,""encounter_id"":""enc_ch4_tide_bandits"",""battle_id"":""chapter4_tide_bandits"",""button"":""迎战"",""override_player_profile"":true}"	"[{""label"":""迎战"",""preview"":""胜利后查看潮滩遗留。"",""effects"":{},""combat"":{""enabled"":true,""encounter_id"":""enc_ch4_tide_bandits"",""battle_id"":""chapter4_tide_bandits"",""override_player_profile"":true},""result"":""刀落进浅水。\n泥色慢慢分开。""}]"
305	ch4_tide_aftermath	潮滩之后	尸身伏在浅水里，泥色分成两层。	"浅水盖住尸身。

泥色分成两层。

有人来过这里。"	[]	"{""enabled"":false}"	"[{""label"":""翻查尸身"",""preview"":""旧案线索增加。"",""effects"":{""case_clues"":1},""combat"":null,""result"":""泥里有旧印。\n不是海寇留下的。""}]"
306	ch4_hidden_document	夹层文书	湿木夹层里，有一张没有烂透的文书。	"木板撬开。

纸没有烂透。

名字还在。"	[]	"{""enabled"":false}"	"[{""label"":""收起文书"",""preview"":""旧案线索增加。"",""effects"":{""case_clues"":2},""combat"":null,""result"":""纸很湿。\n名字还没有化开。""}]"
307	ch4_master_silence	师父沉默	师父把文书放回去，只说继续走。	"师父把文书放回去。

他只说继续走。

风停了一下。"	[]	"{""enabled"":false}"	"[{""label"":""继续追查"",""preview"":""军功推进。"",""effects"":{""military_merit"":1},""combat"":null,""result"":""师父没有拦你。\n他只是沉默。""}]"
401	boss_ext_burning_ship_sighting	火船远影	远处有船在烧，却没有人喊。	"远处有船在烧。

火很亮。

没有人喊。"	[]	"{""enabled"":false}"	"[{""label"":""靠近破船"",""preview"":""军功推进。"",""effects"":{""military_merit"":1},""combat"":null,""result"":""火光照出船腹。\n箱影一排排。""}]"
402	boss_ext_hold_full_of_crates	满舱木箱	破船舱里全是木箱，箱上有新封。	"船舱很满。

木箱很新。

封泥还没有裂。"	[]	"{""enabled"":false}"	"[{""label"":""查看封泥"",""preview"":""旧案线索增加。"",""effects"":{""case_clues"":1},""combat"":null,""result"":""封泥很新。\n官印很旧。""}]"
403	boss_ext_master_freeze_arrow	师父停箭	暗箭来时，师父先一步停住。	"箭声很轻。

师父先停住。

他知道箭从哪里来。"	[]	"{""enabled"":false}"	"[{""label"":""追问师父"",""preview"":""旧案线索增加。"",""effects"":{""case_clues"":1},""combat"":null,""result"":""师父说：先活下来。\n他没有解释箭。""}]"
404	boss_ext_wakou_leader_battle	破船首领	倭首站在箱前，像在等一个旧人。	"倭首站在箱前。

他像在等人。

等的不是你。"	[]	"{""enabled"":true,""encounter_id"":""enc_boss_ext_wakou_leader"",""battle_id"":""boss_ext_wakou_leader"",""button"":""决战"",""override_player_profile"":true}"	"[{""label"":""决战"",""preview"":""胜利后查看破船火器箱。"",""effects"":{},""combat"":{""enabled"":true,""encounter_id"":""enc_boss_ext_wakou_leader"",""battle_id"":""boss_ext_wakou_leader"",""override_player_profile"":true},""result"":""首领倒下。\n他最后仍看着岸上。""}]"
405	boss_ext_aftermath_choice	破船之后	火器箱还在，案子的门也还开着。	"首领倒下。

火器箱还在。

案子的门也还开着。"	[]	"{""enabled"":false}"	"[{""label"":""据实上报"",""preview"":""清望增加。"",""effects"":{""clean_reputation"":2},""combat"":null,""result"":""你把箱号写全。\n纸上没有留白。""},{""label"":""藏下一份证据"",""preview"":""旧案线索增加。"",""effects"":{""case_clues"":2},""combat"":null,""result"":""你抽出一页。\n潮声替你遮住。""},{""label"":""先报首级"",""preview"":""军功推进。"",""effects"":{""military_merit"":2},""combat"":null,""result"":""首级入册。\n箱子暂时没有名字。""}]"
